name,description,tel,website,email,linkedin,location,Languages,url
Adex Labs,"🏆Trusted Award Winning Shopify Development & design Experts having expertise in providing e-commerce solutions. We design professional, modern Shopify websites & provide SEO friendly store migration services. 

Reach us for quick proposal:
contact@adexlabs.com",+1 ‪(562) 384-9390‬,https://adexlabs.com/,contact@adexlabs.com,https://www.linkedin.com/company/adex-labs/,"Dallas,United States","English, Spanish, German",https://www.shopify.com/partners/directory/partner/adex-labs
CedCommerce,"🛍️ Hire a Shopify Expert for your business 🚀

✅ 10000+ Successful Projects
✅ 11+ Years of Experience
✅ Trusted by Top Partners (Google, Meta, Amazon, Walmart) https://cedcommerce.com/partners

Quick Chat with us: https://www.mastroke.com/",+1(361) 338-4667,https://cedcommerce.com/,expert@cedcommerce.com,NO DATA,"Sheridan,United States","English, Spanish, German",https://www.shopify.com/partners/directory/partner/cedcommerce
RootSyntax Technologies,"Email us:   support@rootsyntax.com
Book a call:  https://calendly.com/rootsyntax-technologies
Phone :+1 352-218-5661

✔ 8+ years of experience
✔ 800+ 5 STAR reviews
✔ 3000+ satisfied customers
✔ Quick Support
✔ Top rated shopify partner
✔ Affordable rates",352-218-5661,https://www.rootsyntax.com/,support@rootsyntax.com,https://www.instagram.com/rootsyntax,"Ocala,United States",English,https://www.shopify.com/partners/directory/partner/rootsyntax
BubbleUp,"We offer services from custom site development to optimizing eCommerce functionality to marketing. We enhance user experience, streamline sales, and drive growth. Ensuring seamless integration, we help you maximize your online business potential",NO DATA,https://www.bubbleup.net/,NO DATA,NO DATA,"The Woodlands,United States",English,https://www.shopify.com/partners/directory/partner/bubble-up
Buy Ecom Stores,"At Buy Ecom Stores, we have a team of experienced Shopify Developers and Experts, serving you since 2009. Book a free meeting with our Shopify Developers anytime.",5052406859,https://buyecomstores.com/,info@buyecomstores.com,NO DATA,"Iselin,United States",English,https://www.shopify.com/partners/directory/partner/buyecomstores
AppJetty,"AppJetty - A Biztech Company is a software product development company. We run a store specializing in extensions and plugins for various software platforms such as Magento, WordPress, SugarCRM, SuiteCRM, Odoo, Shopify, and Dynamics CRM.",+91 9106747559,https://www.appjetty.com/,sales@appjetty.com,https://www.linkedin.com/company/appjetty,"Burbank,United States",English,https://www.shopify.com/partners/directory/partner/appjetty
ProactiveCommerce,"Let's Get The Ball Rolling with ProActiveCommerce!

Email 📧    support@proactivecommerce.org
Call  📞      +91 9136443512

☆ 100+ 5 STAR reviews.
☆ 7+ Years of Experience
☆ 10,000+ Satisfied customers
☆ 100+ Developers

Website: https://proactivecommerce.org/",NO DATA,https://proactivecommerce.org/,support@proactivecommerce.org,https://www.instagram.com/proactive_commerce/,"New Hope,United States","English, Spanish",https://www.shopify.com/partners/directory/partner/proactivecommerce
Tracy Sailors,"AboutBusiness descriptionWith over a decade of experience, Tracy Sailors provides refined, high-quality Shopify solutions. Specializing in personalized, one-on-one service, Tracy collaborates closely with each client to create tailored solutions that align with their brand’s vision.Select PartnerPartners are tiered based on multiple factors, including their history of experience and proven success on Shopify.Specialized servicesStore build or redesignStarting at $4500Description: Included in starting price:
The project scope is tailored to your specific project requirements. Please contact me at tracysailors.com for a proposal.

- Full store setup
- Theme selection
- Theme branding
- Mobile optimization
- App install & integrations
- Build collections & store structure
- Build content & assist with products
- Launch assistance
- Support & Consulting

Additional work and price information:
Additional development and design services are available. Please contact me for a full detailed quote.Store migrationStarting at $4500Description: Included in starting price:
The project scope is tailored to your specific project requirements. Please contact me at tracysailors.com for a proposal.

- Full store setup
- Theme selection
- Theme branding
- Mobile optimization
- App install & integrations
- Build collections & store structure
- Build content & products
- Launch assistance
- Support & Consulting

Additional work and price information:
Additional development and design services are available. Please contact me for a full detailed quote.Other servicesTheme customization, SEO, Store settings configuration, Product and collection setup, POS setup and migrationIndustriesClothing and fashion, Health and beauty, Home and garden, Jewelry and accessoriesFeatured workMullen Design Co.Shopify Theme Design and Development; Migration from SquarespaceView featured workKelly VenturaShopify Theme Design and Development; Store MigrationView featured workElisa IlanaShopify Theme Design and Development; Store migration; Shopify PlusView featured workBrown's Shoe Fit Co.Shopify Theme Design and Development; Store migration; Shopify PlusView featured workPanCharmBracelets.comShopify Theme Design and Development; Store migration; Shopify PlusView featured workBohemiShopify Theme Design and Development; Store MigrationView featured work",X,http://www.tracysailors.com/,tracy@tracysailors.com,X,"Gretna,United States",English,https://www.shopify.com/partners/directory/partner/tracy-sailors
"The Design Archi-Techs, Inc","AboutBusiness descriptionPerformance is our business!💯💯

We provide solutions to help store owners & marketing agencies to
✔️ Create new store w/ conversion friendly designs
✔️ Customize, optimize, update themes
✔️ Optimize conversion rate, speed up load time, increase ATCsPlus PartnerPartners are tiered based on multiple factors, including their history of experience and proven success on Shopify.Specialized servicesConversion rate optimizationContact for pricingDescription: Everything we do has a single goal is mind - better conversion / high ROI.

We can help you with optimizing page speed, better visual elements, to creating and modifying custom features and purchase experience.

Our Experience
- Been in business since 2006
- Serviced over 1000+ shopify store
- 5 Star Ratings on Shopify Expert

Get started today, a complimentary discovery call awaits.Store build or redesignStarting at $799Description: ⭐⭐Make your vision a reality! We are here to support and help store owners.⭐⭐

if you need
- need a new store
- improve speed
- create a better mobile experience 
- develop a custom user experience

Located in Monrovia, California, contact us to setup a complimentary discovery call.

Our Experience
- Been in business since 2006
- Serviced over 1000+ shopify store
- 5 Star RatingTheme customizationStarting at $49Description: We CARE, as many of our reviews will show, we look out for the best interest of the merchants we work with.

Our Experience
- Been in business since 2006
- Serviced over 1000+ shopify store
- 5 Star Ratings on Shopify Expert

We excel at making theme customizations (small or large), updating themes, upgrading to a new theme, to custom themes and conversion optimization.

Contact us to get started.Other servicesSite performance and speed, Store migrationIndustriesClothing and fashion, Health and beauty, Home and garden, Jewelry and accessoriesFeatured workSite Re-DesignSite Re-DesignView featured workNew StoreBuild a new storeView featured workLolaAssisted with redesign, theme update, theme customizations, as well as technical SEO work.View featured work",626.838.3158,https://thedesignarchitechs.com/,jun@thedesignarchitechs.com,X,"Monrovia,United States",English,https://www.shopify.com/partners/directory/partner/the-design-archi-techs-inc
eBizTrait Inc,"AboutBusiness descriptionExpertise in Shopify Store design, Speed Optimization, Theme Customization, Store Migration & SEO. TOP SHOPIFY EXPERTS with 2000+  Jobs Completed!

Call  Us +1 (209) 207-0499

Book A Meeting: https://calendly.com/mike-ebiztrait/shopify-expert

Get In Touch!Plus PartnerPartners are tiered based on multiple factors, including their history of experience and proven success on Shopify.Specialized servicesTheme customizationStarting at $49Description: Included in starting price:
# Theme customization

Why eBizTrait for your Job?

#1 1400+ jobs completed
#2 4.9 star rated agency
#3 Money back guarantee (for undelivered tasks)

Note: Please do ask for quote before confirming job.

Additional work and price information:
Customization is always vary by each store, we would recommend to ask for quote of your requirementsSite performance and speedContact for pricingDescription: Our price $199 / Yearly

We specialize in Shopify speed optimization and can help you achieve 90+ scores 
on Google PageSpeed Insights (Mobile & Desktop). 100% Guaranteed. 

- Pay only after results – no upfront cost
- Guaranteed 90+ speed score
- Faster load times = higher sales

Want to discuss more about it? Don't hesitate to get in touch with us.Store build or redesignStarting at $499Description: Included in starting price:
New Store Design & Old Redesign Using the Shopify Premium theme. 

What's Included: 
# Homepage Mock-up design with 3 Revisions
# Design implementation according to Mock-up finalization
# Collection Page Setup
# Product Page Setup
# Navigation Setup
# CMS pages setup like About Us, Privacy Policy, etc
# News Letter 
# 5 Products upload
# Mobile-Friendly Website. 
# Payment gateway
# Installing free/paid apps that help in boosting sales
# Social Media Integration
# Domain Setup
# Videos Tutorials

Additional work and price information:
# Complete SEO Optimization and setup. 
# Training about how to maintain the store and how to make changes in your website like adding products, changing color, Images, etc.
# Two Weeks of Support After the website goes live.Store migrationStarting at $699Description: Included in starting price:
We will migrate the website from another platform to Shopify, Things which Include: 
# Website Migration. 
# All products, Collection, Orders, etc will be migrated from another platform to Shopify manually or using Cart2Cart App. 
# Store will be designed using selected Shopify theme. 
# Homepage Mockup design (2 Revision)
# Mobile-responsive website design.
# Website Colors will be as per logo.
# CMS pages setup.
# Payment Gateway setup.
# Navigation Setup.
# Domain linkup.

Additional work and price information:
# 1 Hour Demo Training.
# Time Frame: 2 to 3 Weeks.
# Basic SEO Setup.SEOStarting at $150Description: Included in starting price:
We will perform on-page optimizations so you can have ""GUARANTEED RANKING ON KEYWORDS & Organic Traffic""

Improve your ranking in search results and attract more traffic through site content optimizations like better meta descriptions, title tags, and many more.

Please note: We will provide you ""Free Audit Report"" 

Try out our expertise and seat back to watch result.

Improve your SERP's result & Increase more traffic & conversion/sales through quality Do Follow back Links/Link-Building

Additional work and price information:
We will be providing you below on-page activity but Off-page/Link Building activity. You can contact our Google Certified Expert.

On-page optimizations:

Meta tag creation & optimization
Keyword Analysis
Google Analytics Setup
Google Webmaster Setup
Google Schema Tags Validation
301 Page Redirection
Search Engine Submission
Local Business Submissions
Social Bookmarking
Competitor Backlinks
Dofollow
Permanent
Homepage
Powerful inbound links
100% Google safe & white-hate - linkOther servicesTroubleshooting, Product and collection setup, Search engine advertising, Custom domain setup, Social media marketing, Analytics and trackingMore servicesIndustriesClothing and fashion, Food and drink, Health and beauty, Jewelry and accessoriesFeatured workCustom Shopify store designShopify Custom Store Design with Mobile ResponsiveView featured workCustom Shopify Store DesignShopify Custom Store Design with Mobile Responsive.View featured workApparel StoreShopify Custom Store Design with Mobile ResponsiveView featured workCustom Shopify store designShopify Custom Store Design with Mobile ResponsiveView featured workT-shirt selling storeShopify Custom Store Design with Mobile ResponsiveView featured work",(209) 207-0499,https://ebiztrait.com/,sales@ebiztrait.com,X,"Laguna Beach,United States",English,https://www.shopify.com/partners/directory/partner/ebiztrait
MLVeda,"AboutBusiness descriptionWith over a decade of proven expertise in Shopify and Shopify Plus, and 16,000+ active customers, MLVeda partners with high-growth startups and global enterprises to deliver scalable, end-to-end Shopify solutions. Your trusted Shopify experts.
Visit us at www.mlveda.comPremier PartnerPartners are tiered based on multiple factors, including their history of experience and proven success on Shopify.Specialized servicesSystems integrationStarting at $85Description: We specialize in complex, enterprise-grade, systems integration and middleware solution development. From connecting you ERP/CRM/PIM/WMS system to Shopify to building automated workflows, we will de-silo your back-office processes, drive operations-excellence, and unlock value through our system integration solutions. 
Don't let data silos be a bottleneck, reach out to us now!Store migrationStarting at $85Description: Included in starting price:
We will help you to migrate your store from another service provider to Shopify. Services we will provide:
 
1: Configure your basic administrative settings
2: Import your store's content and data to Shopify
3: Organize your products after migration
4: Design your store
5: Set up URL redirects
6: Set up your shipping
7: Configure your taxes
8: Set up a payment provider
9: Place some test orders
10: Invite your customers to create accounts on your new site* 
11: Set up your domain

Additional work and price information:
Store migration cost depends on the requirement:

Data migration: $500
Store migration and design using a Shopify premium theme: $1500
Store migration with a custom store design: $2000Custom apps and integrationsStarting at $85Description: Our developers possess extensive expertise in Shopify API, Liquid coding, custom scripting, and third-party integrations. With hands-on experience in creating custom and private apps, we seamlessly integrate any system with Shopify. We specialize in connecting payment gateways, shipping providers, inventory, and campaign management tools.Store build or redesignStarting at $85Description: Included in starting price:
We have in house team of experts who are excellent in their work, which provides our clients with the valuable opportunity to work seamlessly with the same team from sign-on to launch in building their store.
We will help you set up the store by building or redesigning it as per your need.
The basic pricing includes :
-Theme setup
-Setting up product pages
-Setting up Collections
-Design your home page sliders
-Setting your navigation
-Shipping settings
-Checkout settings.
-Support 24*7


Additional work and price information:
We will need a detailed list of your requirement to analyze and get back to with you a proper deadline and quote. We use flat rates so there is no hidden cost.Theme customizationStarting at $85Description: We specialize in theme customization to meet your unique requirements. Our services include designing and adding currency selectors, custom pages, forms, sections, menus, fonts, and images, enhancing the customer experience. We excel in integrating custom features or code and creating personalized settings for your store, ensuring a seamless and tailored shopping experience for your customers.Other servicesHeadless commerce, Wholesale/B2B, Business strategy guidance, Checkout upgrade, Conversion rate optimization, Custom domain setupMore servicesIndustriesBusiness to business (B2B), Clothing and fashion, Electronics, Health and beautyFeatured workB2B Store Setup and ImplementationMLVeda partnered with HowToBBQRight to create a B2B Shopify portal, enhancing their wholesale operations. Key features include subdomain setup, SSL encryption, customized UI/UX, advanced product segmentation, and custom API integration for real-time data sync. The portal offers B2B-specific functionalities like volume-based pricing and exclusive shipping options, boosting operational efficiency.View featured workCustom App & Netsuite Middleware Solution DevelopmentMLVeda's NetSuite-Shopify integration for Tailwind Nutrition addressed challenges like inaccurate contact linkage and redundant entries. The middleware solution enabled precise contact mapping, real-time data sync, and automated processes, enhancing operational efficiency and data accuracy. This integration future-proofed Tailwind's operations, allowing for advanced analytics and business agilityView featured workERP Integration with Industry Leading PlatformsWhen it comes to ERP integration, MLVeda stands at the forefront, delivering professional, objective, and effective solutions. With a proven track record, we excel in seamlessly connecting industry-leading ERP systems with Shopify, ensuring streamlined operations for businesses.View featured workSite Speed and Core Web Vitals OptimizationMLVeda optimized Euronics' Shopify Plus site speed, focusing on metrics like Largest Contentful Paint (LCP), First Contentful Paint (FCP), and Total Blocking Time (TBT). Key actions included JavaScript optimization, DOM size reduction, efficient cache policies, and minimizing long tasks. Results: LCP improved to <2.5s, FCP to <1s, and TBT to <300ms, enhancing user experience and SEO rankings.View featured workOptimized Online Store BuildMLVeda developed Dr. Sheth's skincare brand store, adding products, collections, and menus, and designing the theme for a comprehensive store development project. Visit Dr. Sheth's for high-quality skincare solutions. Our work ensures a seamless shopping experience, showcasing their extensive product range with an attractive, user-friendly interface, boosting customer engagement and satisfaction.View featured workShipping Carrier Configuration and Integration ExpertsAs Shopify shipping configuration experts, MLVeda has established a strong reputation for seamlessly integrating shipping services with leading carriers, including UPS, FedEx, USPS, and DHL. With a proven track record in completing numerous successful shipping integration projects, we deliver exceptional solutions tailored to your business needs.View featured work",8646508940,https://www.mlveda.com/work-insights,services@mlveda.com,https://www.linkedin.com/company/mlveda,"Raleigh,United States",English,https://www.shopify.com/partners/directory/partner/webloudspeaker-private-limited
Ecom Swift LLC,"AboutBusiness descriptionEcom Swift LLC is an affordable digital marketing company serving Shopify since 2018 with 900+ satisfied customers. We serve clients worldwide.

Low sales?
Make these changes ➜ https://tinyurl.com/BoostCRO

Whatsapp💬 : +1 631 251 1767
Email 📧: support@ecomswiftllc.comSpecialized servicesConversion rate optimizationPrice: $49-150Description: Accelerate your Shopify store's success with Ecom Swift LLC. We specialize in conversion rate optimization to drive more sales and boost your bottom line.

- Speed Optimization
- Tailored Conversion Strategies
- A/B Testing for Optimal Performance
- Streamlined Checkout Processes
- Product pages optimization & enhancement 

Also, check out our CRO checklist here ➜ https://bit.ly/CROchecklistSEOStarting at $100Description: Did you find this Gig on the first page of the Shopify marketplace? This is how we rank!

Google Ads & social media ads are getting expensive with the rising competition, and so SEO emerges as a Must-have marketing strategy for long-term growth.
We will do complete On-site and off-site SEO for your site and will give you a complete report of the work. 

The Following is our SEO roadmap.
-Technical Analysis
-Content Analysis
-Keywords Research
-Competitors Research
-SEO Plan
-SEO Implementation

Additional work and price information:
ON-SITE SEO INCLUDES:
Keyword & competitors Research
Content and images Optimization
H1 & H2 tags setting
Speed Optimization
Meta title/description Optimization
Search Console & Analytics setting
Robots.txt Installation
Sitemap submission
All General S.E.O settings

OFF-SITE SEO INCLUDES:
30 Profile backlinks on DA40+ sites
30 Social profile Links on DA 50+ sites
50 Google maps citations
20 search engines submissions
Google my business listings
Bad backlinks removal
Monthly rank progress reportSite performance and speedStarting at $50Description: Why Shopify Store Speed is important?
Customers don't like to waste time on websites that take longer than 3 seconds to load, so leave the site immediately. Once a visitor leaves your site, you lost a potential sale. Also, the higher bounce rate is killing your SEO campaign as well as your site's reputation and trust.

WHY M_SEO?
1) Guarantee results & After-sale support
2) 100% Risk-free Optimization
3) Unlimited Revisions

We Guarantee a 90+ speed score on mobile and a 95+ score on Desktop.

Additional work and price information:
How will I increase your Shopify Store Speed?
1) Full Shopify Store Backup
2) Optimization of Images & lazy loading setup
3) App analysis & old app code removal
4) Eliminate render-blocking resources
5) Minify and group Javascript and CSS files
6) Lazy load external scripts
7) Reduce the number of HTTP requests

After Shopify Speed Optimization, your Website will have:
A faster user experience
Better Search Engine Rankings
Decreases Bounce Rates
Increase in Sales Volume
Improved Conversion RateTroubleshootingStarting at $5Description: Shopify Woes Got You Down?

Is your Shopify store riddled with bugs and glitches? We can help! Our expert Shopify troubleshooting service tackles:

Conversion rate roadblocks
Sluggish theme performance
Theme and app bugs

Let us fix the tech headaches so you can focus on running your business and watch your sales soar!

Email: support@ecomswiftllc.com
WhatsApp: +1 631 251 1767Store build or redesignStarting at $50Description: Need an optimized and highly converting Shopify store?
Let the Shopify top-ranked Partner company do this for you.

What's included:
Store development from scratch
Mobile, laptop & tablet friendly design
Shipping methods
Domain & SSL setup
Newsletter subscription pop-up
Setup Payment Gateway
Required Apps, Pages & Settings
Urgency & Scarcity & Currency Converter apps
Marketing Guide
24/7 SupportOther servicesAnalytics and tracking, Product descriptions, Website and marketing content, Store migration, Theme customization, Store settings configurationMore servicesIndustriesClothing and fashion, Electronics, Home and garden, Pet careFeatured workGLIMMER GLOSS LLCGLIMMER GLOSS LLC is one of our most recent Designing, speed optimization & SEO project.View featured workLUVCIRCUSLUVCIRCUS is one of our most recent Designing, speed optimization & SEO projects.View featured workGRAPHICA + NGRAPHICA + N is one of our recent Designing, SEO & speed optimization projects.View featured workSEO Done Right!The Backingsteel.com, once struggling with traffic and sales is now a Brand. We ranked it in Google with our complete on-page and off-page SEO Optimization. The site has an average of 94.8K monthly visitors of which almost 40% of the traffic is from Google's organic search results.
Your site may be the Next brand.View featured workSEO done Right!The holotaco.com, is now a well-know Nail care Brand. We ranked it in Google with our complete on-page and off-page SEO Optimization. The site has an average of 531.9K monthly visitors of which almost 36.1% of the traffic is from Google's organic search results.
Your site may be the Next brand.View featured work",631 251 1767,https://ecomswiftllc.com/,support@ecomswiftllc.com,https://www.linkedin.com/company/ecom-swift-llc/,"Sheridan,United States","English, Spanish, German",https://www.shopify.com/partners/directory/partner/waowy
Mandasa Technologies,"AboutBusiness description➤ Official Shopify Plus Partners. 12+ Yrs of Exp.
➤ Specialising in Migrations, Headless & B2B, Custom Apps. 
➤ Dedicated Growth Teams with 50+ In-House Experts. 
➤ Enterprise Scale & Custom Strategy, CRO.

🏆 Partner with the best. Quick Support. Affordable Rates.Plus PartnerPartners are tiered based on multiple factors, including their history of experience and proven success on Shopify.Specialized servicesStore build or redesignContact for pricingDescription: We will help you with Build or redesign store.
➤ Logo Design
➤ Theme setup
➤ Custom banner design
➤ Payment gateway.
➤ Page Setup : Contact Us, About Us, Policy etc
➤ Shipping configuration.
➤ Mobile optimization
➤ App integrations
➤ Build collections
➤ Build content & product
➤ Domain Setup
➤ Training session
➤ Testing & troubleshoot
➤ Launch assistance
➤ After launch support (10 Days)Theme customizationStarting at $85Description: In this service we cover theme customization tasks from small change to a large customization request.

Few popular theme customization requests:
➤ Add custom pages and forms on website
➤ Customize cart and checkout
➤ Customize navigation and search
➤ Add custom features or code
➤ Add to cart on collection page
➤ Add Tabs or custom fields on product pages
etc..
➤ Any other changes on your store.Headless commerceContact for pricingDescription: As a Shopify Plus partner, we build headless commerce architectures that decouple your front end from Shopify’s backend, enabling ultra-fast, pixel-perfect storefronts, API-first integrations, omnichannel journeys, and scalable, future-proof ecommerce solutions tailored to your brand with modern frameworks like React, Next.js, and Remix plus robust CI/CD and performance monitoring.Store migrationContact for pricingDescription: Migration to Shopify from WooCommerce, Magento, BigCommerce, Salesforce Commerce, or custom platforms.

We securely move products, customers, orders, and content while preserving URLs and SEO equity.

We handle complex, multi-store and enterprise migrations with strict testing and governance.

Result: a stable, scalable Shopify store ready to grow.Conversion rate optimizationContact for pricingDescription: A conversion is a meaningful action taken by a visitor that has a specific value to your organization. This doesn't necessarily have to be a sale, but simply the process of moving from one stage of your inbound funnel to another.

If you want to do the same for your website, then come with us, we are here to help you to optimize the conversion rate:

➤ Website analysis
➤ Creating a audit for improvements
➤ Add necessary CTA buttons
➤ Add quick checkout
➤ Add related products
➤ Add upsell and reward features
➤ Show off coupon codes, real time purchases, and more
➤ Add Testimonials to Build Trust
➤ Add intelligent search
➤ Add a shoppable instagram feed
➤ Add product reviews
➤ Create a comprehensive contact pageOther servicesWholesale/B2B, Checkout upgrade, SEO, Troubleshooting, Social media marketing, Site performance and speedMore servicesIndustriesClothing and fashion, Health and beauty, Jewelry and accessories, Sports and recreationFeatured workNew Shopify Store Setup Optimized for SEO, Speed & ConversionsEnterprise-Ready Shopify Store Launch

We launch Shopify stores with a strong growth foundation, not just a basic setup. Each store is built with SEO-optimized structure, high-speed mobile-first performance, and conversion-focused UX. The result is a scalable, high-performing Shopify store designed to attract traffic, convert visitors, and support long-term business growth.View featured workMigrate to Shopify for Faster, Scalable eCommerce GrowthSeamless Shopify Migration for Scalable Growth

We help brands migrate to Shopify smoothly and securely with zero downtime. Products, customers, orders, and content are transferred safely while preserving URLs and search rankings through SEO-friendly migration. The result is a faster, more scalable Shopify store built for performance, growth, and higher conversions.View featured workShopify Theme Customization & Seamless Theme UpgradesShopify Theme Customization & Safe Upgrades

We customize Shopify themes to perfectly match your brand while keeping performance and scalability in mind. From safe theme upgrades to improved speed, UX, and mobile responsiveness, we add new sections and features with clean code—preserving settings and minimizing downtime during updates.View featured workAdvanced Shopify SEO Strategies for Store GrowthAdvanced Shopify SEO for Sustainable Growth

We help Shopify stores rank higher and grow organically with proven SEO strategies. From optimizing titles, meta tags, URLs, and on-page content to improving speed, mobile performance, and Core Web Vitals, we fix technical SEO and indexing issues—driving consistent traffic, qualified leads, and long-term sales growth.View featured workStore Speed Optimization for Faster Shopify PerformanceShopify Store Speed Optimization

We optimize Shopify store performance to deliver faster load times and smoother user experiences. By improving images, code, scripts, and mobile performance, we eliminate speed bottlenecks caused by heavy themes and apps. The result is better Core Web Vitals, higher SEO rankings, increased conversions, and improved customer retention.View featured workShopify Troubleshooting & Bug Fix ServicesShopify Troubleshooting & Bug Fix Services

We quickly identify and resolve Shopify store issues to keep your business running smoothly. From fixing theme bugs and app conflicts to diagnosing checkout, payment, and product display problems, we restore performance, speed, and user experience—backed by reliable ongoing support.View featured work",+917400727973,https://www.mandasatech.com/,experts@mandasa.in,https://www.linkedin.com/company/mandasa-technologies/,"Dover,United States","English, Spanish, German",https://www.shopify.com/partners/directory/partner/mandasa-technologies
IT-Geeks,"AboutBusiness descriptionIT-Geeks is a Shopify Platinum Partner with 5000+ 5-star reviews and 10,000+ successful projects. We specialize in scalable Shopify Plus builds, high-performance custom apps, migrations, CRO, and enterprise-grade solutions to help D2C and B2B brands grow.Platinum PartnerPartners are tiered based on multiple factors, including their history of experience and proven success on Shopify.Specialized servicesStore build or redesignStarting at $10000Description: 
* Tailored theme setup for your products
* Conversion-friendly layout
* Payment gateway & shipping configuration
* Social media integration
* Free/high-impact apps installation
* Final testing to ensure seamless selling
* Training for website operation management

For custom design, we provide Figma mockups based on your req. or reference stores, blending aesthetics.Store migrationStarting at $10000Description: 
* Import your store’s data to Shopify: Products, Customers, Orders, etc
* Redesign your store to enhance user experience
* Steps to preserve your SEO rankings
* Configure payment gateways, shipping, and taxes
* Configure your administrative settings
* Point the domain to Shopify

Migration from: Magento, Big Commerce, WooCommerce, SFCC, Volusion, Drupal, Square, Retail Pro, Clover, etc., to Plus.TroubleshootingContact for pricingDescription: 
Facing difficulty in your Shopify store? Unable to catch the bugs? Leave it to us…

Services offered:
•	Troubleshooting app integration issues
•	Tweak features or functionalities 
•	Troubleshooting social media integration issues
•	Custom product options bug fixing
•	Theme bug fixing
•	Ajax add to cart/ quick view / Ajax search/ add to cart pop up/ advance swatches bug fixingTheme customizationContact for pricingDescription: 
Services Offered:

*Conversion-focused layout and design changes
*Adding advanced sections and dynamic elements
*Image sliders, zoom functionality, and video integrations
*Integrating multi-currency and language options
*Newsletter and form customizations
*Header and footer redesign for better navigation
*Optimization for mobile and performance

Let us transform your Shopify theme for success.SEOStarting at $1000Description: 
Boost your online visibility with our all-inclusive SEO services:

* Competitor and keyword analysis for strategic targeting
* Custom strategy aligned with business goals
* SEO-optimized content to enhance authority and engagement
* Backlink acquisition to build credibility
* On-page optimization for better rankings and user experience
* Performance tracking with actionable insightsOther servicesProduct and collection setup, Custom apps and integrations, Conversion rate optimization, Search engine advertising, Banner ads, Site performance and speedMore servicesIndustriesBusiness to business (B2B), Clothing and fashion, Health and beauty, Jewelry and accessoriesFeatured workCrownBees: BigCommerce to Shopify PLUS MigrationWe seamlessly migrated CrownBees from BigCommerce to Shopify PLUS, creating both a Direct-to-Consumer (D2C) and a dedicated B2B store. Leveraging Shopify Plus’s advanced multi-store capabilities, we handled data migration for thousands of SKUs, preserved SEO rankings, and integrated AVALARA, MRP Easy ERP, and Zoho CRM for streamlined tax, inventory, and customer relationship management.View featured workReuzel: Website Redesign, B2B Development & Global ExpansionReuzel’s Shopify V2.0 migration included a complete website redesign focused on driving conversions. We built a custom B2B portal leveraging Shopify PLUS's exclusive features, expanded their global presence with French and German stores, and conducted an app audit to enhance functionality and user experience.View featured workTrailsGridPro: WooCommerce to Shopify PLUS MigrationWe switched TrailGridPro from WooCommerce to Shopify PLUS, transforming their store with a sleek, conversion-optimized design. We created expansion stores and restructured their platform to 2.5x website performance. Leveraging Shopify’s API and dynamic capabilities, we enhanced KPIs like CTR and SEO. Custom features and a tailored user experience now drive engagement and long-term success.View featured workGreenBeaver: Conversion-Focused Redesign & Global ExpansionWe revamped GreenBeaver’s website with a CRO-focused design, ensuring optimal user experience. Leveraging Shopify PLUS's multi-store capabilities, we expanded their presence into multiple countries by creating dedicated regional stores. These stores featured essential integrations like marketing tools and apps, driving localized engagement and higher sales.View featured workFlobottle: Performance and Design RevampFlobottle.com's transformation journey started with customer feedback and poor KPIs. Our collaborative effort enhanced design and functionality, yielding impressive results: increased conversions and CTR. This blend of aesthetics and user-centered improvements exemplifies the power of a well-executed bespoke design in enhancing online store performance.View featured workLevel 99 GamesD. Brad Talton Jr., founder of Level 99 Stores, sought a revamped website with advanced UI and added features. We delivered a visually appealing site with gaming and animation focus. The custom app we built automates draft orders from Kickstarter CSVs. The site boasts interactive mega menus, GIFs, carousels, and rich product pages. Unique Light and Dark modes enhance user experience.View featured work",3852402913,https://itgeeks.com/?utm_source=sref,sales@itgeeks.com,X,"SALT LAKE CITY,United States",English,https://www.shopify.com/partners/directory/partner/it-geeks
